{"width":0.01171875,"heights":[0.984375,0.8671875,0.8671875,0.92578125,0.99609375,0.9609375,0.890625,0.90234375,0.90234375,0.99609375,0.90234375,0.9140625,0.97265625,0.9140625,0.97265625,0.890625,0.984375,0.90234375,0.90234375,0.9609375,0.94921875,0.90234375,0.94921875,0.99609375,0.984375,0.94921875,0.90234375,0.90234375,0.97265625,0.85546875,0.94921875,0.9609375,0.92578125,0.890625,0.8671875,0.9140625,0.92578125,0.890625,0.90234375,0.97265625,0.984375,0.984375,0.97265625,0.97265625,0.9609375,0.9375,0.92578125,0.9140625,0.84375,0.85546875,0.9375,0.984375,0.92578125,0.99609375,0.890625,0.99609375,0.890625,0.984375,0.890625,0.99609375,0.9609375,0.890625,0.9140625,0.984375,0.9140625,0.8671875,0.984375,0.890625,0.9609375,0.90234375,0.9375,0.90234375,0.99609375,0.9609375,0.9609375,0.890625],"column_bounds":[0.8906708]}