{"hydration":{"19_3":0.122079015,"4_2":0.18272068,"89_1":0.1589524,"137_2":0.13672087,"15_2":0.16203217,"127_1":0.0867873,"6_1":0.109815694,"134_2":0.10500814,"58_1":0.2293523,"84_4":0.049630098,"94_2":0.15310386,"46_3":0.064303964,"75_2":0.048394606,"93_3":0.13156135,"149_3":0.08909649,"33_2":0.13767144,"9_1":0.08577692,"15_3":0.13591,"116_2":0.046483047,"104_2":0.07915199,"125_1":0.14221394,"79_2":0.06855762,"10_1":0.2650862,"66_4":0.13278271,"10_4":0.13406995,"108_3":0.09210055,"71_2":0.16655016,"96_3":0.1215127,"80_3":0.115863934,"92_4":0.09664504,"23_1":0.12095257,"81_2":0.13005655,"13_1":0.12896709,"143_4":0.08409154,"145_2":0.115573294,"55_2":0.12012701,"9_2":0.10612079,"91_3":0.21379133,"140_4":0.12650937,"38_2":0.13720508,"115_1":0.13133477,"137_1":0.10274622,"98_4":0.10655452,"108_4":0.07934373,"19_2":0.092627846,"133_3":0.13075241,"145_4":0.1014066,"147_3":0.061324093,"27_4":0.07220065,"155_1":0.06302538,"117_2":0.046196155,"25_2":0.11403328,"37_3":0.17093854,"28_1":0.13620162,"12_5":0.11622042,"47_4":0.09815997,"47_2":0.1286325,"72_4":0.1544642,"101_1":0.10980277,"34_1":0.14153062,"124_1":0.14117734,"98_3":0.1347188,"23_3":0.11083802,"61_3":0.18541995,"88_3":0.101377584,"155_2":0.073530905,"46_4":0.071884274,"10_3":0.120683,"79_3":0.073782824,"109_1":0.08174204,"139_1":0.09295205,"17_1":0.13000749,"25_4":0.13775158,"42_3":0.12836869,"57_1":0.18970412,"12_4":0.15495682,"35_2":0.07665424,"90_1":0.13589802,"133_2":0.11856532,"24_4":0.15115477,"47_1":0.079165235,"33_3":0.143895,"116_3":0.087647356,"131_4":0.1089988,"143_2":0.10853817,"128_1":0.09791696,"14_2":0.12100529,"134_1":0.092563204,"147_2":0.07095046,"21_3":0.08035811,"79_1":0.10163598,"97_1":0.06931372,"141_3":0.09341042,"36_4":0.08079435,"99_4":0.16710958,"1_1":0.13621637,"40_4":0.20214479,"52_1":0.09847528,"83_1":0.06209004,"127_2":0.16731545,"150_3":0.12517156,"16_4":0.13724986,"114_2":0.13252641,"50_1":0.09531459,"85_1":0.07211273,"125_3":0.17636411,"68_4":0.15438212,"151_2":0.14250912,"100_2":0.20438957,"36_5":0.1249681,"138_2":0.08762287,"44_1":0.1918661,"41_1":0.24020627,"44_2":0.17458667,"124_2":0.14904237,"78_4":0.103687875,"84_1":0.04915588,"14_3":0.12288091,"142_3":0.10777064,"156_2":0.13735686,"11_2":0.1122935,"18_3":0.08836423,"53_4":0.1337819,"75_1":0.08150807,"71_4":0.09894418,"95_4":0.08485912,"37_2":0.13370012,"34_5":0.13452263,"61_1":0.118495174,"18_4":0.09344865,"128_3":0.12493336,"52_3":0.09700675,"146_1":0.13245685,"90_4":0.13675335,"117_3":0.06918447,"88_4":0.101950586,"23_2":0.12588774,"68_2":0.12921476,"20_4":0.121340185,"133_1":0.119192876,"75_4":0.047412798,"2_2":0.1433751,"140_1":0.07875633,"118_3":0.060453847,"143_3":0.098165445,"77_2":0.13435999,"26_3":0.20345736,"95_1":0.11724325,"129_3":0.15104774,"76_1":0.06309842,"81_1":0.13638031,"42_4":0.12384283,"17_3":0.09359441,"95_3":0.11059196,"17_2":0.13434975,"154_4":0.08928666,"77_1":0.12917183,"25_1":0.15452892,"120_1":0.17962576,"138_1":0.07598714,"40_5":0.09534998,"64_1":0.1337203,"92_2":0.12822099,"29_2":0.12565555,"26_4":0.09359897,"109_2":0.10617225,"148_4":0.08928666,"24_1":0.11129201,"102_4":0.084990345,"15_1":0.115897484,"124_3":0.111390896,"69_2":0.15545934,"75_3":0.13353994,"87_1":0.08722816,"120_2":0.1019302,"18_2":0.072100244,"72_2":0.11459363,"135_3":0.1855858,"32_3":0.18439361,"156_1":0.113751285,"34_4":0.14779839,"80_2":0.06894554,"56_1":0.11561303,"134_3":0.17178531,"34_3":0.19058995,"22_3":0.10121421,"74_2":0.19276635,"12_3":0.16933736,"105_4":0.046242867,"33_1":0.13063401,"88_1":0.09167464,"44_3":0.11598882,"68_3":0.07353339,"80_1":0.13128299,"80_4":0.10237813,"57_2":0.21343315,"105_1":0.119994566,"2_1":0.16816667,"31_1":0.14666526,"112_2":0.06780864,"40_2":0.13736533,"54_2":0.10974379,"31_2":0.1352694,"82_4":0.044063613,"31_3":0.19612636,"125_4":0.078726254,"82_3":0.06391047,"21_1":0.096752584,"67_2":0.14147094,"84_3":0.082545355,"114_1":0.11681542,"99_2":0.09416796,"63_3":0.11883857,"149_2":0.073530905,"137_4":0.078265384,"131_3":0.13490261,"98_2":0.12704442,"108_2":0.106939636,"150_1":0.113751285,"151_1":0.16463792,"49_3":0.12108267,"25_3":0.12551743,"65_2":0.17686218,"70_3":0.09575562,"91_2":0.14101124,"91_4":0.21184465,"95_2":0.12796526,"69_1":0.111267015,"108_1":0.0789343,"62_4":0.11040867,"134_4":0.10824138,"104_3":0.105777755,"13_4":0.14529349,"50_3":0.18605582,"63_2":0.11331865,"28_3":0.09775681,"105_3":0.07716653,"69_4":0.1274583,"20_3":0.06915028,"55_1":0.11052143,"77_4":0.22290185,"85_2":0.055270787,"30_4":0.22779764,"87_4":0.0629223,"26_1":0.11679137,"21_2":0.108442724,"63_1":0.14533642,"83_2":0.055082098,"28_2":0.112939455,"106_4":0.05928948,"24_2":0.13012259,"11_1":0.12645485,"32_4":0.19237496,"28_4":0.17293149,"114_3":0.11369857,"4_1":0.07628982,"40_3":0.13720047,"103_1":0.10751095,"123_1":0.19001624,"11_4":0.12512097,"86_1":0.087210074,"136_2":0.09279797,"145_1":0.11090917,"52_4":0.080231756,"50_4":0.19106911,"121_1":0.09595448,"110_4":0.09530405,"48_1":0.07015936,"144_1":0.07889703,"22_4":0.09924155,"40_1":0.09279521,"126_1":0.0774153,"147_1":0.1588412,"117_1":0.10742358,"82_2":0.07291307,"131_2":0.101096466,"14_4":0.12659575,"129_2":0.1251832,"155_3":0.08909649,"64_3":0.17253117,"43_1":0.12004491,"117_4":0.094709866,"27_1":0.10269067,"143_1":0.112800755,"93_2":0.095604025,"5_3":0.06652083,"90_2":0.1308261,"70_2":0.102082774,"133_4":0.114036895,"109_4":0.095850155,"37_4":0.26891473,"27_2":0.15832357,"86_4":0.12663734,"110_3":0.083974816,"67_4":0.13452195,"71_1":0.2115749,"39_1":0.19866206,"78_3":0.058690026,"65_4":0.11382467,"110_2":0.14405811,"129_1":0.16587892,"78_1":0.14371583,"123_4":0.1237576,"109_3":0.075568944,"21_4":0.06644881,"70_1":0.13104336,"12_1":0.14915437,"73_4":0.15453227,"17_4":0.21788183,"41_3":0.22604716,"81_3":0.08097134,"38_3":0.18982208,"94_1":0.14043915,"135_2":0.06687701,"141_1":0.06358973,"5_1":0.099574156,"14_1":0.1533896,"101_3":0.29682478,"84_2":0.08743589,"92_3":0.10962378,"52_2":0.07700649,"128_2":0.1328218,"85_4":0.09648069,"62_3":0.0870049,"38_4":0.16801086,"18_1":0.19601484,"123_3":0.19743149,"13_3":0.16146944,"145_3":0.14154543,"20_1":0.104992755,"67_3":0.22867772,"76_2":0.10465777,"118_2":0.10174088,"144_3":0.09053102,"86_3":0.06949497,"42_2":0.19449957,"65_1":0.1852601,"39_4":0.10477584,"99_3":0.17902084,"149_4":0.14478837,"93_4":0.101059355,"16_2":0.17528477,"126_2":0.10648654,"91_1":0.12720783,"10_2":0.16160172,"144_2":0.10759445,"151_3":0.20264047,"16_3":0.1334957,"30_2":0.14730997,"20_2":0.09867334,"146_4":0.10564218,"131_1":0.11307173,"39_2":0.0644428,"53_3":0.12059696,"5_2":0.085426204,"32_2":0.15183419,"138_3":0.0949636,"66_3":0.109742194,"71_3":0.12658492,"115_4":0.10206718,"120_4":0.1559386,"115_2":0.093150996,"141_2":0.06774228,"81_4":0.101997636,"135_1":0.118676744,"89_3":0.15366736,"99_1":0.10448361,"64_2":0.12735136,"8_1":0.11810595,"103_2":0.0776263,"88_2":0.13012338,"86_2":0.0886548,"137_3":0.09584216,"89_2":0.13848312,"49_4":0.08227751,"96_1":0.11827096,"27_5":0.11863377,"148_2":0.18893306,"148_1":0.08115286,"74_1":0.13388665,"36_3":0.12314835,"45_1":0.15342958,"112_1":0.113176644,"35_4":0.071173206,"46_1":0.054406803,"53_2":0.22937839,"93_1":0.11137883,"100_4":0.19300203,"121_3":0.16456,"122_1":0.11581608,"94_3":0.053617578,"146_3":0.1397729,"54_3":0.0931343,"149_1":0.06302538,"106_3":0.056849517,"111_1":0.064819574,"34_2":0.15958658,"110_1":0.12574488,"22_2":0.15510547,"36_1":0.071329676,"68_1":0.0688789,"61_2":0.18241715,"43_2":0.09522506,"83_3":0.07071142,"87_2":0.115544535,"136_3":0.1153167,"53_1":0.15341942,"94_4":0.09300858,"50_2":0.09791814,"98_1":0.12766872,"111_2":0.112715945,"119_1":0.06873536,"38_1":0.23753807,"135_4":0.15893187,"106_2":0.08399819,"116_1":0.13682704,"111_3":0.11907607,"74_4":0.095698975,"101_4":0.13824904,"126_4":0.15260294,"142_4":0.09619441,"16_1":0.17440893,"27_3":0.08861319,"100_3":0.12922175,"41_4":0.2697043,"118_1":0.13262115,"127_3":0.13404296,"92_1":0.2148685,"103_3":0.17489037,"136_1":0.10156623,"22_1":0.110576764,"8_2":0.14396328,"47_3":0.13001242,"121_2":0.1301756,