{"hydration":{"75_1":0.09482947,"14_1":0.063618764,"72_4":0.10728485,"137_4":0.100090645,"33_4":0.19752496,"73_4":0.053689323,"83_3":0.06533853,"107_1":0.14192465,"139_4":0.0924054,"73_3":0.09243672,"153_4":0.14529723,"12_1":0.06415794,"153_3":0.15027313,"95_3":0.054741453,"38_1":0.1276505,"58_3":0.07706402,"35_3":0.15842262,"119_3":0.056165252,"46_1":0.05562584,"141_2":0.10375714,"96_2":0.03670809,"129_4":0.06440023,"71_1":0.084492095,"46_3":0.07099273,"80_3":0.13629542,"8_1":0.086814545,"135_3":0.09179347,"5_1":0.13019751,"77_1":0.14991717,"1_1":0.20176254,"121_2":0.13209774,"15_1":0.09182974,"68_3":0.12776448,"32_3":0.15209241,"48_4":0.10428843,"111_3":0.15483995,"151_2":0.10847091,"68_2":0.09558389,"137_3":0.07728006,"82_4":0.07266359,"11_1":0.09491796,"17_3":0.11800975,"29_2":0.16203111,"22_1":0.088275105,"155_4":0.13729282,"9_3":0.05155431,"110_2":0.13024046,"32_2":0.18115117,"69_2":0.07947512,"5_2":0.15046744,"55_3":0.07476568,"10_2":0.062182013,"109_3":0.1239521,"30_3":0.23470251,"56_2":0.100685015,"135_4":0.049137447,"65_2":0.16981952,"70_4":0.12222939,"91_1":0.06501475,"67_1":0.085465014,"50_1":0.089632876,"61_1":0.06472697,"122_4":0.12440676,"35_1":0.15484405,"69_3":0.070764706,"91_2":0.102913715,"134_2":0.06666184,"136_1":0.06118056,"128_2":0.065589674,"132_2":0.04984476,"39_3":0.18464823,"107_4":0.11844786,"82_3":0.09812394,"133_1":0.10101132,"140_4":0.11581727,"72_3":0.10501001,"9_2":0.0663293,"91_4":0.049996108,"75_3":0.08853361,"147_1":0.12099931,"56_4":0.1197098,"129_1":0.06512021,"52_1":0.12633413,"116_4":0.11987087,"114_4":0.06557232,"52_2":0.15623505,"93_1":0.083994076,"114_1":0.13054672,"136_2":0.06474112,"116_1":0.12189988,"130_4":0.07618687,"134_3":0.1002618,"130_3":0.09554396,"131_1":0.09488481,"139_3":0.11959735,"88_4":0.2518584,"124_3":0.062013566,"117_4":0.06931543,"21_2":0.12159976,"128_3":0.089257255,"10_1":0.06415794,"27_1":0.31115276,"4_1":0.088514835,"93_4":0.07015101,"94_3":0.07199525,"40_1":0.15219392,"107_2":0.11490494,"57_1":0.052267537,"130_2":0.09071647,"99_3":0.07636287,"59_3":0.09270907,"86_2":0.07808994,"94_1":0.07562439,"71_3":0.087786384,"10_4":0.060001213,"118_2":0.08899233,"129_2":0.11893451,"156_1":0.1595704,"86_3":0.08628213,"126_4":0.094280675,"108_1":0.08805281,"115_4":0.12212749,"58_2":0.088082284,"80_4":0.04089828,"89_2":0.17878513,"135_1":0.058216866,"83_1":0.05007047,"50_3":0.096234486,"132_1":0.09603258,"144_2":0.05756513,"141_4":0.10479311,"6_1":0.18081304,"101_3":0.14883344,"149_1":0.14448746,"44_3":0.04187709,"117_2":0.087331265,"77_3":0.10216015,"78_2":0.055532817,"110_1":0.111505665,"85_4":0.07276216,"39_1":0.15196009,"100_2":0.15099497,"118_1":0.11682689,"25_3":0.14060615,"70_2":0.09270993,"134_4":0.05749918,"155_2":0.11456628,"54_4":0.050704297,"30_1":0.21294633,"43_1":0.09301466,"35_2":0.23255712,"47_3":0.14867088,"54_3":0.05431969,"87_1":0.122801855,"145_2":0.09828528,"121_3":0.068194814,"98_1":0.05562722,"68_4":0.1163988,"97_2":0.058039892,"146_3":0.06756642,"114_3":0.079115,"79_4":0.07612095,"140_1":0.089017704,"38_2":0.21040049,"139_2":0.07078083,"35_4":0.20801969,"121_1":0.07660195,"76_2":0.1082249,"77_4":0.108670376,"117_1":0.092497356,"58_4":0.07514519,"82_2":0.15649772,"151_4":0.105521105,"63_3":0.049223848,"137_1":0.046872042,"36_4":0.21032801,"66_1":0.12867095,"90_3":0.0744444,"100_3":0.18366988,"127_3":0.08761095,"116_2":0.114126824,"120_2":0.11667332,"42_3":0.09650635,"147_4":0.16184144,"23_3":0.108152226,"135_2":0.054586492,"87_4":0.09220292,"59_1":0.12127451,"151_1":0.167541,"94_2":0.069274254,"76_1":0.083130576,"60_1":0.050590537,"87_2":0.13177288,"48_2":0.15464546,"117_3":0.102488056,"34_3":0.22025192,"119_4":0.06727603,"109_1":0.118843175,"93_3":0.063599914,"59_4":0.041030575,"146_2":0.1122073,"65_3":0.08717153,"74_3":0.06474283,"86_1":0.11823162,"20_3":0.1367983,"75_4":0.08376434,"37_1":0.17938358,"113_2":0.07834128,"150_1":0.1136645,"84_1":0.16058032,"42_4":0.15228808,"92_3":0.1158786,"40_3":0.13600506,"112_4":0.10213198,"130_1":0.1356959,"113_4":0.110336035,"31_3":0.1642811,"62_1":0.09495748,"101_1":0.12856239,"152_1":0.08739567,"67_4":0.06044753,"30_4":0.200963,"55_1":0.053275716,"39_2":0.18510091,"91_3":0.085631095,"98_4":0.07560204,"138_2":0.12345459,"76_3":0.14118144,"61_2":0.10157946,"99_4":0.08046788,"57_2":0.06187145,"62_4":0.03761533,"92_4":0.06624745,"24_3":0.12901263,"20_2":0.1671394,"1_2":0.14620748,"96_4":0.053701546,"120_4":0.06021709,"115_2":0.082484774,"156_2":0.17928167,"84_3":0.10243963,"96_3":0.04952012,"116_3":0.13030334,"122_3":0.097563244,"95_1":0.052615102,"28_2":0.088372044,"92_1":0.1027687,"16_1":0.08077342,"71_2":0.08465627,"98_3":0.05812022,"112_3":0.099053234,"45_3":0.10761379,"120_1":0.09245944,"97_1":0.0486197,"101_4":0.102241196,"29_4":0.25232553,"52_3":0.18925288,"86_4":0.12980156,"2_1":0.15866548,"27_4":0.101696305,"66_4":0.11353527,"13_1":0.08647541,"66_2":0.11550471,"63_1":0.047146678,"78_1":0.08239984,"142_1":0.12881109,"18_2":0.123124875,"26_4":0.25372228,"31_2":0.14423394,"106_1":0.0975584,"36_2":0.20978212,"90_4":0.038823012,"80_2":0.13270196,"28_3":0.08932064,"115_1":0.05160473,"54_2":0.15089855,"149_2":0.1327477,"41_2":0.0830862,"96_1":0.07364357,"79_3":0.105968185,"105_1":0.07695193,"34_2":0.17326365,"155_3":0.096389234,"36_1":0.18554185,"9_1":0.14384162,"56_1":0.08421495,"23_4":0.16484132,"90_2":0.07470592,"42_1":0.17430629,"124_1":0.06705989,"78_3":0.07991459,"134_1":0.09137312,"153_1":0.15605178,"82_1":0.15443486,"78_4":0.05021415,"84_2":0.16319281,"29_3":0.1390623,"136_4":0.037944015,"95_2":0.050697953,"27_5":0.11902546,"53_3":0.10228897,"154_3":0.10828497,"25_1":0.21259478,"104_1":0.075730495,"24_2":0.14784032,"145_1":0.10408303,"17_1":0.07033275,"45_4":0.11844915,"57_4":0.038876105,"41_1":0.104434915,"53_1":0.20147967,"83_4":0.113812566,"150_2":0.1363978,"69_4":0.053226653,"131_4":0.095489495,"49_3":0.14298092,"22_2":0.10970712,"43_3":0.13909693,"50_2":0.07615175,"146_4":0.11585492,"119_1":0.06741367,"33_2":0.16357113,"43_2":0.14370373,"154_1":0.106231496,"139_1":0.12818237,"30_2":0.3203947,"140_3":0.06186816,"102_4":0.057420976,"143_4":0.094116814,"57_3":0.037236597,"34_1":0.22807193,"72_2":0.17711549,"52_4":0.23261243,"106_2":0.10987967,"106_3":0.119487695,"118_3":0.14107111,"143_3":0.1077581,"62_3":0.08776507,"54_1":0.1438747,"21_1":0.11711447,"133_3":0.11177081,"28_4":0.13135615,"71_4":0.06891627,"92_2":0.08315815,"85_3":0.058495823,"64_3":0.060934193,"39_4":0.17788146,"153_2":0.13252474,"31_1":0.18756324,"36_3":0.19582833,"41_3":0.055486113,"47_1":0.11066422,"49_4":0.103088856,"118_4":0.07718789,"149_3":0.1498093,"151_3":0.11554269,"59_2":0.13693592,"110_3":0.12690072,"133_2":0.10904452,"25_4":0.17931409,"114_2":0.09119128,"83_2":0.09817198,"88_1":0.11447378,"32_4":0.18624267,"141_1":0.09640574,"142_3":0.08777698,"40_4":0.14357689,"123_1":0.092256464,"66_3":0.119023345,"79_2":0.077353,"93_2":0.058396813,"19_1":0.13108622,"20_4":0.14723353,"122_1":0.118535586,"144_1":0.07826388,"148_1":0.11406983,"33_3":0.1895924,"23_1":0.095021494,"103_1":0.07002124,"123_4":0.07165965,"41_4":0.1409846,"19_2":0.11763068,"47_4":0.14374389,"64_4":0.08213013,"2_2":0.100982204,"48_1":0.085561246,"49_1":0.102210045,"137_2":0.057446748,"3_1":0.09069306,"85_1":0.11361373,"50_4":0.08014748,"26_1":0.1887083,"90_1":0.08461981,"106_4":0.10575995,"32_1":0.22249544,"132_4":0.08049442,"60_2":0.051333055,"19_3":0.10951228,"102_3":0.09495629,"111_4":0.13908042,"40_2":0.16779329,"77_2":0.10596844,"65_1":0.12856266,"62_2":0.09701416,"84_4":0.11917245,"55_4":0.073119305,"109_2":0.15682325,"115_3":0.10908258,"126_3":0.06941411,"18_1":0.19450152,"133_4":0.09155923,"142_4":0.09520944,"25_2":0.16349599,"88_3":0.19485599,"102_2":0.080837056,"111_1":0.09554774,"110_4":0.09269141,"65_4":0.09932131,"73_1":0.07757155,"88_2":0.07983654,"97_3":0.056819335,"112_1":0.107620575,"105_2":0.089415014,"146_1":0.109251656,"44_1":0.06436177,"127_2":0.06630805,"29_1":0.19569686,"53_4":0.043397628,"60_3":0.0501437,"102_1":0.069332324,"131_3":0.079640426,"143_2":0.0980428,