{"hydration":{"90_2":0.058412902,"107_1":0.08092824,"12_2":0.11602401,"99_2":0.10347872,"23_1":0.07676121,"64_3":0.07213154,"77_1":0.12172893,"109_1":0.1220212,"150_1":0.04773495,"146_4":0.061600715,"67_1":0.14794825,"57_3":0.111687295,"80_1":0.17309947,"18_1":0.12549987,"38_3":0.06109496,"86_3":0.1596635,"20_4":0.12947363,"78_4":0.1204848,"7_2":0.13253202,"60_1":0.10975486,"136_4":0.11598141,"128_3":0.16733222,"127_2":0.07304696,"44_1":0.108177595,"99_3":0.071269564,"111_1":0.21683134,"139_2":0.12817857,"66_4":0.121186815,"134_2":0.22699593,"61_1":0.083060205,"149_3":0.102469146,"149_4":0.111244015,"121_2":0.094535716,"144_1":0.049589984,"13_1":0.1610008,"152_2":0.0598427,"43_1":0.0867324,"141_2":0.20249262,"8_2":0.2428021,"53_3":0.048462417,"69_5":0.2904163,"4_1":0.12424618,"1_1":0.17290303,"47_4":0.057146,"75_4":0.23795472,"105_4":0.09661867,"113_3":0.17238317,"2_1":0.09604034,"118_1":0.079036474,"142_1":0.07984418,"107_4":0.091792114,"17_4":0.1274663,"23_4":0.05387545,"63_4":0.11325278,"69_3":0.15623051,"95_1":0.07745063,"145_2":0.054917987,"45_4":0.24233854,"106_3":0.09613743,"6_3":0.3167279,"45_1":0.071802594,"140_4":0.17221169,"154_3":0.05547575,"65_4":0.13437575,"63_2":0.15770808,"31_2":0.07705848,"73_2":0.0422325,"71_2":0.14290409,"134_1":0.14335625,"48_3":0.060631357,"94_3":0.095745906,"24_3":0.08441558,"138_1":0.105728365,"82_1":0.09660606,"45_2":0.07400617,"47_3":0.09339917,"33_4":0.0816509,"136_1":0.15363094,"34_4":0.23813967,"87_1":0.15603714,"104_1":0.06881559,"141_1":0.25775656,"71_4":0.14429042,"93_2":0.10888883,"14_1":0.15389365,"19_2":0.09879723,"96_4":0.048100017,"135_2":0.11684282,"141_3":0.09754199,"152_1":0.061031453,"18_4":0.07698159,"130_4":0.13664849,"52_1":0.04990546,"64_2":0.101662405,"50_4":0.089832306,"59_2":0.07159291,"113_4":0.114097595,"144_3":0.07045703,"89_2":0.10627631,"45_3":0.13249393,"66_2":0.13808097,"105_2":0.107099436,"69_4":0.16448814,"80_2":0.17554285,"146_1":0.24340163,"21_4":0.07152555,"25_3":0.055857636,"31_3":0.074078865,"131_1":0.19130507,"116_4":0.11530026,"20_3":0.14073935,"66_1":0.18671314,"70_1":0.20735227,"115_2":0.16691208,"54_4":0.049733847,"120_1":0.08063144,"47_1":0.053943466,"75_1":0.25882685,"134_3":0.13458057,"19_1":0.06002406,"14_4":0.14874433,"84_1":0.05317408,"62_2":0.09146885,"109_3":0.07523018,"92_4":0.058823604,"3_1":0.07241602,"28_2":0.15945606,"32_2":0.14472163,"17_2":0.09647418,"54_3":0.044501886,"46_1":0.18604763,"122_1":0.071090154,"67_4":0.08096098,"16_3":0.118338965,"123_1":0.069578655,"61_4":0.123445466,"78_2":0.10769455,"16_4":0.098868825,"155_4":0.12520702,"92_2":0.07833826,"91_1":0.046624325,"71_3":0.12613845,"139_1":0.16053519,"100_2":0.07327663,"33_1":0.13118592,"135_1":0.1561772,"15_2":0.2061813,"147_3":0.06713979,"37_3":0.18167336,"102_4":0.092524275,"52_4":0.057439025,"5_2":0.17957638,"149_1":0.08900788,"17_3":0.058466688,"140_1":0.056034382,"153_3":0.14831685,"96_1":0.1084763,"94_4":0.090122595,"15_4":0.22293946,"116_1":0.087097175,"31_4":0.05264805,"50_3":0.057458706,"140_2":0.20355155,"154_1":0.08415297,"46_3":0.09154448,"91_4":0.082855664,"131_4":0.22960937,"26_2":0.06509097,"58_2":0.051458012,"153_2":0.14650886,"93_1":0.07897776,"116_2":0.10006127,"108_3":0.26022297,"119_4":0.07274204,"12_1":0.13172494,"148_4":0.07617416,"18_2":0.10426519,"99_4":0.12277477,"114_2":0.07504941,"150_3":0.09476476,"75_2":0.23733503,"5_1":0.16999215,"149_2":0.055569652,"124_3":0.12309207,"105_3":0.06573785,"106_1":0.086124115,"140_3":0.16169775,"73_4":0.08288955,"132_3":0.111043565,"19_4":0.07224183,"7_3":0.10571467,"151_1":0.13232186,"12_3":0.20248426,"73_3":0.058338042,"130_1":0.18387927,"153_1":0.06177702,"154_2":0.10881515,"90_1":0.070960864,"15_3":0.17495053,"61_3":0.13411264,"8_4":0.13693726,"64_4":0.08457073,"33_2":0.094908126,"37_2":0.15829538,"93_3":0.118489936,"121_4":0.055635277,"155_1":0.06677483,"129_2":0.09353855,"67_3":0.12304928,"91_2":0.07536717,"103_1":0.07900484,"76_4":0.11406519,"95_3":0.042546533,"80_3":0.08827903,"15_1":0.13182771,"98_3":0.035981674,"62_1":0.118730895,"104_2":0.13860025,"28_4":0.2036302,"6_1":0.2233526,"69_1":0.13693221,"145_1":0.06298826,"8_1":0.1733614,"51_1":0.051507905,"139_4":0.04710344,"56_2":0.12787844,"123_3":0.16992894,"53_4":0.06691567,"128_4":0.101796545,"46_2":0.07079514,"54_1":0.044325605,"3_2":0.0626072,"49_1":0.06812206,"110_1":0.22727211,"8_3":0.13440081,"62_4":0.070272036,"102_3":0.07879506,"38_1":0.097517066,"55_4":0.08787033,"81_1":0.18256131,"100_1":0.08570163,"113_2":0.09856352,"25_4":0.086123824,"122_2":0.11761246,"95_4":0.079418525,"7_4":0.23535119,"29_1":0.14793976,"32_1":0.14081801,"142_2":0.10327187,"68_3":0.10324659,"122_4":0.0739506,"68_2":0.11180912,"87_3":0.10853834,"113_1":0.113074735,"77_4":0.12270013,"29_2":0.15088214,"56_1":0.100857385,"88_3":0.09103688,"47_2":0.06424214,"101_1":0.079797424,"120_4":0.04715023,"83_4":0.06393157,"97_1":0.051113743,"32_4":0.22459742,"98_2":0.057586014,"111_2":0.15197948,"115_4":0.08798569,"124_1":0.1944257,"94_1":0.12413191,"106_2":0.1486905,"38_2":0.06485772,"127_3":0.06973888,"7_1":0.08156793,"57_1":0.07478697,"95_2":0.061362363,"79_4":0.11473073,"112_1":0.14578389,"114_3":0.07092725,"50_1":0.04880151,"31_1":0.06761246,"91_3":0.05346683,"87_2":0.13489248,"54_2":0.06440546,"125_1":0.0961494,"151_3":0.08762872,"65_2":0.14350875,"50_2":0.052961163,"49_4":0.039791893,"118_4":0.07334304,"6_2":0.17436908,"65_3":0.13061155,"156_1":0.058628574,"138_3":0.06468166,"148_3":0.059824914,"133_3":0.15437904,"4_2":0.10797853,"63_1":0.05206407,"60_4":0.107823744,"76_1":0.21651395,"73_1":0.07047554,"86_4":0.13902126,"32_3":0.09637555,"138_4":0.098499194,"77_2":0.14684239,"96_2":0.055889364,"86_1":0.052500192,"96_3":0.064636454,"78_1":0.20763183,"26_3":0.052487817,"124_4":0.09495744,"14_3":0.124312356,"20_1":0.0915633,"143_2":0.06687758,"154_4":0.054838944,"137_4":0.09283332,"107_3":0.13685094,"46_4":0.059119474,"84_2":0.05066232,"60_2":0.09594031,"74_3":0.049747843,"137_3":0.12840237,"92_1":0.09311671,"138_2":0.07106786,"93_4":0.09675187,"40_1":0.07600304,"64_1":0.18658549,"151_4":0.1014807,"44_2":0.075787894,"49_2":0.07233445,"18_3":0.21776906,"38_4":0.06566013,"14_2":0.16409175,"60_3":0.061520398,"77_3":0.19948551,"123_2":0.10496394,"6_4":0.20451617,"143_1":0.069612905,"151_2":0.12123543,"16_1":0.14858507,"117_2":0.17121546,"131_2":0.0839901,"22_1":0.073694766,"79_3":0.08567801,"75_3":0.21038315,"155_3":0.17243735,"24_4":0.07385571,"148_1":0.074107125,"108_2":0.11763395,"109_2":0.15749654,"51_3":0.08880153,"131_3":0.08787316,"72_4":0.096514754,"118_2":0.0996341,"30_1":0.06449958,"52_2":0.053921584,"20_2":0.1614046,"141_4":0.11263661,"29_3":0.12574694,"36_2":0.28139532,"3_3":0.061893925,"25_2":0.113931835,"68_1":0.08873662,"72_1":0.08522203,"65_1":0.15989159,"72_2":0.14191674,"22_3":0.04043716,"36_1":0.37221897,"48_1":0.053046867,"53_2":0.139391,"83_1":0.070800275,"133_1":0.13281502,"84_3":0.056636713,"100_4":0.10229727,"100_3":0.077812366,"148_2":0.08269615,"71_1":0.122527644,"13_2":0.25415802,"26_1":0.047923878,"156_2":0.07444733,"33_3":0.08288668,"29_4":0.09171935,"74_1":0.099527895,"22_2":0.06723957,"22_4":0.08730093,"59_3":0.07535939,"135_4":0.1675059,"78_3":0.083720304,"101_2":0.14078842,"108_1":0.09884059,"79_1":0.1648054,"124_2":0.12770338,"120_3":0.05567414,"127_1":0.05641849,"139_3":0.055180356,"136_2":0.1644381,"53_1":0.090732396,"133_4":0.19420125,"5_4":0.18078421,"39_1":0.14822203,"147_2":0.101596884,"114_4":0.09598289,"69_2":0.15698488,"81_2":0.062364373,"41_2":0.07543219,"117_1":0.15063176,"82_3":0.031906303,"121_1":0.06305785,"97_4":0.061567735,"39_3":0.13115066,"58_1":0.10448959,"115_1":0.11919165,"128_1":0.101499476,"129_1":0.08614571,"135_3":0.17332014,"55_1":0.055815116,"98_4":0.064495176,"34_1":0.11169649,"108_4":0.27071726,"122_3":0.06300966,"142_3":0.1472675,"145_4":0.14011054,"134_4":0.15684518,"153_4":0.09151719,"48_2":0.035721235,"48_4":0.117671095,"42_1":0.0672847,"76_3":0.10709875,"92_3":0.04347685,"28_1":0.102679394,"137_1":0.19057079,"61_2":0.07416617,