{"hydration":{"80_2":0.011435228,"20_4":0.015754834,"105_3":0.009905245,"143_2":0.006295727,"115_4":0.009582354,"123_2":0.010404871,"5_4":0.019813644,"61_2":0.011644449,"112_2":0.007604386,"14_1":0.017335948,"90_2":0.017473046,"73_1":0.009040425,"98_2":0.0084996065,"24_1":0.012002239,"79_2":0.013375063,"136_4":0.01282661,"12_3":0.019390954,"16_2":0.011897487,"37_4":0.012537146,"81_2":0.026814332,"49_4":0.007492982,"124_1":0.013430968,"2_1":0.008446123,"58_1":0.017400488,"119_2":0.011388867,"133_3":0.011140167,"147_4":0.007204555,"111_2":0.014343549,"25_4":0.015153632,"105_1":0.007854763,"144_3":0.0056025875,"153_3":0.010070534,"8_3":0.016928833,"114_1":0.009151652,"151_3":0.0064754197,"18_4":0.011234702,"102_4":0.013513635,"143_1":0.010173721,"76_1":0.014422997,"87_2":0.019449556,"61_3":0.015302626,"72_4":0.011024807,"137_2":0.01606987,"145_2":0.007952431,"16_3":0.015784977,"28_2":0.016809635,"148_3":0.006765307,"117_4":0.008509091,"26_3":0.010544848,"4_1":0.011030145,"50_3":0.009491671,"126_1":0.05008658,"131_2":0.0104645,"51_4":0.009371096,"80_3":0.040257398,"92_2":0.009211012,"22_3":0.008918363,"147_1":0.0066142585,"65_4":0.019625945,"61_1":0.011131661,"139_1":0.012480479,"7_1":0.01600143,"47_3":0.016324827,"89_1":0.011544881,"63_4":0.013131218,"45_1":0.0073322724,"83_3":0.009710098,"22_2":0.012565759,"31_1":0.010405511,"101_1":0.0101737315,"140_2":0.012620267,"107_3":0.016524028,"117_3":0.015536956,"54_2":0.009134245,"79_1":0.01847342,"19_4":0.011463661,"117_2":0.010618154,"89_2":0.014346158,"128_4":0.007121269,"134_3":0.009826588,"121_1":0.009236327,"3_3":0.01210964,"33_1":0.011853214,"94_3":0.013619671,"96_1":0.012161921,"95_1":0.015132868,"75_1":0.025026781,"62_4":0.01639083,"52_2":0.008053265,"123_4":0.008888855,"111_1":0.015901376,"37_3":0.02100837,"27_1":0.019037457,"78_4":0.017855702,"153_2":0.009611469,"91_1":0.009652188,"17_3":0.0113076465,"25_2":0.012793077,"23_1":0.013580009,"116_2":0.010768833,"12_4":0.025510984,"59_1":0.008660279,"130_3":0.013083469,"50_1":0.0065641827,"129_3":0.0070021637,"20_2":0.012948141,"95_4":0.010679875,"29_3":0.013839605,"132_1":0.0126934275,"135_3":0.010524838,"73_2":0.010087735,"46_2":0.008932088,"93_3":0.022654781,"118_4":0.007499288,"22_1":0.011505031,"34_2":0.016684372,"6_4":0.01420773,"13_3":0.019295806,"45_4":0.03713675,"61_4":0.011577565,"39_3":0.010215912,"66_1":0.016563823,"109_3":0.008096521,"96_2":0.00941598,"134_2":0.01612346,"138_4":0.008441082,"67_3":0.012750896,"74_2":0.014752715,"115_2":0.019970132,"81_1":0.01363663,"156_1":0.010298668,"129_1":0.012303133,"64_3":0.010201314,"17_4":0.0143094305,"8_4":0.016700165,"94_4":0.016268743,"99_2":0.012389602,"108_2":0.014617612,"139_2":0.007909528,"13_2":0.018730152,"55_1":0.010024288,"103_1":0.03085525,"116_1":0.010198708,"123_3":0.012468429,"142_2":0.0071599716,"118_3":0.0114960475,"18_3":0.016098063,"53_1":0.01208756,"63_3":0.010419952,"88_1":0.009071423,"7_3":0.019092772,"95_3":0.0075314636,"1_1":0.01960342,"99_4":0.015353622,"109_1":0.008547556,"77_4":0.021018852,"129_4":0.0076065916,"25_3":0.011471905,"69_3":0.013053004,"119_3":0.008944304,"133_4":0.02237396,"149_1":0.008906036,"151_1":0.00961671,"3_1":0.008837908,"140_1":0.008077319,"142_1":0.011202582,"106_1":0.007397228,"19_2":0.01018606,"26_2":0.011769058,"145_1":0.007126736,"149_3":0.01072823,"24_2":0.0116547905,"121_4":0.006799793,"148_4":0.010036336,"132_4":0.008180067,"39_1":0.013046785,"100_2":0.009485996,"8_2":0.01675483,"12_1":0.015034224,"83_1":0.010776119,"45_2":0.008625366,"57_1":0.011839204,"65_3":0.013019606,"105_2":0.012149908,"145_3":0.013041398,"46_1":0.011475658,"108_1":0.009021355,"14_2":0.015208719,"88_2":0.0111756055,"64_1":0.017842308,"77_2":0.01870275,"65_2":0.014979576,"36_2":0.018690255,"118_1":0.009224739,"30_1":0.008758509,"124_2":0.01271666,"87_3":0.01491332,"155_2":0.007770513,"68_3":0.014754433,"120_3":0.007908716,"34_3":0.015092857,"48_2":0.010479326,"20_1":0.016261294,"30_4":0.009382868,"94_2":0.014990249,"86_3":0.01937167,"128_1":0.009212721,"23_2":0.009295619,"68_2":0.011854666,"85_1":0.015668666,"86_4":0.02393431,"80_1":0.014975733,"90_1":0.010690437,"127_2":0.008268969,"150_4":0.009528972,"55_2":0.009673915,"114_2":0.006989712,"146_4":0.005854124,"153_4":0.012143393,"155_4":0.011812559,"54_4":0.009018754,"92_3":0.008712788,"110_1":0.0119845765,"50_2":0.010203364,"105_4":0.007400831,"107_2":0.009885883,"78_3":0.01982508,"140_4":0.012559324,"130_4":0.015386813,"139_3":0.0076058493,"87_1":0.015841844,"128_3":0.016045928,"98_3":0.007546618,"54_3":0.010355969,"142_3":0.008419989,"119_4":0.0075793276,"93_1":0.01133384,"50_4":0.009731189,"104_4":0.01347776,"25_1":0.009122328,"32_3":0.013031998,"35_1":0.067584,"44_2":0.011814627,"42_1":0.01684035,"114_3":0.006559693,"55_4":0.013114118,"21_1":0.008564609,"93_4":0.011307788,"64_2":0.014646255,"124_3":0.014208075,"75_4":0.016123364,"122_3":0.0071133454,"76_2":0.017341964,"100_3":0.012504426,"55_3":0.0105970595,"67_1":0.020403506,"106_3":0.008203507,"82_3":0.009105396,"66_3":0.011287894,"101_2":0.01370195,"145_4":0.012809126,"66_4":0.01473355,"60_1":0.012574613,"107_1":0.0075489334,"73_4":0.01262495,"39_2":0.012592397,"88_4":0.019533996,"8_1":0.021630697,"97_4":0.0075631887,"113_1":0.009389696,"117_1":0.009768988,"141_1":0.01595552,"75_3":0.021440884,"12_2":0.012103578,"15_4":0.019415794,"48_4":0.02528931,"139_4":0.008228233,"77_3":0.024140926,"120_2":0.011020676,"22_4":0.01101074,"6_1":0.02810936,"26_1":0.011315348,"96_4":0.010872191,"3_2":0.012903541,"16_4":0.01599048,"54_1":0.00765976,"44_1":0.012753246,"122_2":0.016453944,"127_3":0.0076636877,"63_1":0.012910837,"141_2":0.015275326,"52_4":0.011878859,"53_4":0.011607506,"130_2":0.011155476,"141_4":0.00952351,"37_1":0.010466734,"28_1":0.01885633,"14_4":0.016509911,"46_4":0.013781642,"113_2":0.007018151,"125_1":0.010612964,"47_4":0.009534205,"88_3":0.010323502,"149_2":0.009245444,"6_2":0.016950719,"131_1":0.014756456,"65_1":0.017972516,"153_1":0.008761666,"134_1":0.013997013,"29_4":0.0106637785,"43_1":0.014499256,"37_2":0.014267027,"40_1":0.015494213,"151_4":0.01256658,"62_1":0.011045814,"23_3":0.014168724,"138_1":0.008234758,"17_1":0.015368408,"67_4":0.018140135,"154_1":0.0077234404,"34_4":0.014780566,"102_1":0.0064131115,"148_2":0.009086848,"122_1":0.00932758,"116_3":0.00979575,"138_3":0.008745905,"29_1":0.013856651,"77_1":0.016320804,"93_2":0.015143265,"115_1":0.008307937,"32_1":0.015952086,"36_1":0.024740564,"58_2":0.011453546,"116_4":0.010077943,"62_3":0.009647789,"69_5":0.02597692,"21_4":0.011234086,"18_1":0.015293155,"29_2":0.016350493,"33_4":0.011179558,"34_1":0.014516578,"152_1":0.007393844,"15_3":0.022126468,"49_3":0.008484128,"97_1":0.010018756,"155_3":0.014041299,"19_1":0.009584895,"17_2":0.013442042,"28_3":0.017160699,"135_1":0.011525072,"84_1":0.008855746,"144_1":0.008247138,"106_4":0.027237447,"52_3":0.009496864,"91_2":0.010387525,"140_3":0.010807069,"48_1":0.009206693,"96_3":0.009953263,"136_1":0.011193295,"30_3":0.011084282,"97_2":0.014919349,"41_1":0.008533999,"87_4":0.016938733,"60_4":0.011451083,"146_1":0.026094094,"120_4":0.0073531936,"148_1":0.007984387,"99_3":0.012060591,"121_3":0.0077316514,"32_2":0.019643884,"150_3":0.008294786,"134_4":0.010382443,"91_4":0.010414163,"97_3":0.007273955,"71_4":0.020604698,"109_2":0.017686473,"149_4":0.0079213,"108_3":0.014934079,"44_3":0.009853896,"156_2":0.013757134,"13_4":0.015424414,"31_3":0.012302103,"154_3":0.008881357,"7_4":0.01657769,"41_2":0.008264654,"130_1":0.013717519,"83_4":0.00882153,"135_4":0.015112195,"69_1":0.021388944,"73_3":0.011601204,"60_2":0.011792642,"48_3":0.01017597,"127_1":0.010620616,"154_4":0.0067147175,"56_2":0.023505766,"30_2":0.011747338,"74_4":0.013535068,"118_2":0.0084456345,"64_4":0.0093945665,"106_2":0.008426603,"14_3":0.016198462,"76_4":0.019368906,"23_4":0.008838773,"56_1":0.011257868,"129_2":0.015438681,"6_3":0.01548438,"24_3":0.01213339,"133_2":0.009856788,"78_2":0.012893944,"122_4":0.008358184,"31_2":0.009216451,"98_4":0.009860234,"53_3":0.007827405,"76_3":0.018622855,